Workbook

Sheet TAZ to Census
A1: NO | B1: NO_2005 | C1: GEOID | D1: pct_taz
A2: 31 | B2: 31 | C2: 410530053013 | D2: 0.380594
A3: 31 | B3: 31 | C3: 410530053021 | D3: 0.051726
A4: 31 | B4: 31 | C4: 410530053022 | D4: 99.56768
A5: 32 | B5: 43 | C5: 410530053012 | D5: 0.018229
A6: 32 | B6: 43 | C6: 410530053013 | D6: 57.713121
A7: 32 | B7: 43 | C7: 410530053021 | D7: 0.071453
A8: 32 | B8: 43 | C8: 410530053022 | D8: 42.197197
A9: 33 | B9: 35 | C9: 410530053013 | D9: 0.030595
A10: 33 | B10: 35 | C10: 410530053021 | D10: 17.941214
A11: 33 | B11: 35 | C11: 410530053022 | D11: 82.028191
A12: 34 | B12: 36 | C12: 410530053013 | D12: 1.559914
A13: 34 | B13: 36 | C13: 410530053021 | D13: 0.004322
... A1309: 442 | B1309: 300 | C1309: 410470013003 | D1309: 0.004594
A1310: 443 | B1310: <Null> | C1310: 410470025021 | D1310: 99.999988
A1311: 444 | B1311: <Null> | C1311: 410470025021 | D1311: 99.999997
A1312: 445 | B1312: 79 | C1312: 410470014012 | D1312: 99.90916
A1313: 445 | B1313: 79 | C1313: 410470025021 | D1313: 0.090837
A1314: 446 | B1314: 399 | C1314: 410470014012 | D1314: 99.918665
A1315: 446 | B1315: 399 | C1315: 410470014021 | D1315: 0.014114
A1316: 446 | B1316: 399 | C1316: 410530053012 | D1316: 0.067225
A1317: 447 | B1317: 399 | C1317: 410530052051 | D1317: 0.031584
A1318: 447 | B1318: 399 | C1318: 410530052053 | D1318: 0.822166
A1319: 447 | B1319: 399 | C1319: 410530052061 | D1319: 98.954104
A1320: 447 | B1320: 399 | C1320: 410530053012 | D1320: 0.192147
A1321: 448 | B1321: 357 | C1321: 410470010003 | D1321: 96.423996
A1322: 448 | B1322: 357 | C1322: 410470020011 | D1322: 2.435426
A1323: 448 | B1323: 357 | C1323: 410470020012 | D1323: 1.140583
... A1338: 454 | B1338: 373 | C1338: 410470023033 | D1338: 18.034326

Sheet TAZ2005 to Bzone
A1: NO | B1: Bzone | C1: pct_bzone
A2: 31 | B2: 31 | C2: 0.98712208
A3: 31 | B3: 32 | C3: 0.00045052
A4: 33 | B4: 32 | C4: 0.99794693
A5: 34 | B5: 32 | C5: 0.00234986
A6: 43 | B6: 32 | C6: 0.00107013
A7: 33 | B7: 33 | C7: 7e-06
A8: 34 | B8: 33 | C8: 0.98244863
A9: 35 | B9: 33 | C9: 0.00063689
A10: 34 | B10: 34 | C10: 0.00026786
A11: 35 | B11: 34 | C11: 0.99688661
A12: 36 | B12: 34 | C12: 0.00090591
A13: 35 | B13: 35 | C13: 0.00014231
... A1336: 397 | B1336: 451 | C1336: 2.115e-05

Sheet TAZ to Bzone
A1: NO | B1: Bzone | C1: pct_bzone
A2: 31 | B2: 31 | C2: 1
A3: 32 | B3: 32 | C3: 1
A4: 33 | B4: 33 | C4: 1
A5: 34 | B5: 34 | C5: 1
A6: 35 | B6: 35 | C6: 1
A7: 36 | B7: 36 | C7: 1
A8: 37 | B8: 37 | C8: 1
A9: 38 | B9: 38 | C9: 1
A10: 39 | B10: 39 | C10: 1
A11: 40 | B11: 40 | C11: 0.99999997
A12: 41 | B12: 41 | C12: 1
A13: 42 | B13: 42 | C13: 1
... A497: 454 | B497: 368 | C497: 0.99999973

Sheet TAZ to Azone
A1: NO | B1: NO_2005 | C1: azone_name | D1: pct_azone
A2: 31 | B2: 31 | C2: Polk | D2: 1
A3: 32 | B3: 43 | C3: Polk | D3: 1
A4: 33 | B4: 35 | C4: Polk | D4: 1
A5: 34 | B5: 36 | C5: Polk | D5: 1
A6: 35 | B6: 37 | C6: Polk | D6: 1
A7: 36 | B7: 396 | C7: Polk | D7: 1
A8: 37 | B8: 396 | C8: Polk | D8: 1
A9: 38 | B9: 406 | C9: Polk | D9: 1
A10: 39 | B10: 402 | C10: Polk | D10: 1
A11: 40 | B11: 401 | C11: Polk | D11: 1
A12: 41 | B12: 401 | C12: Polk | D12: 1
A13: 42 | B13: 405 | C13: Polk | D13: 1
... A419: 442 | B419: 300 | C419: Salem_5 | D419: 1
A420: 443 | B420: <Null> | C420: Marion_Outside_UGB | D420: 1
A421: 444 | B421: <Null> | C421: Marion_Outside_UGB | D421: 1
A422: 445 | B422: 79 | C422: Polk | D422: 1
A423: 446 | B423: 399 | C423: Polk | D423: 1
A424: 447 | B424: 399 | C424: Polk | D424: 1
A425: 448 | B425: 357 | C425: Salem_4 | D425: 1
A426: 449 | B426: 377 | C426: Salem_5 | D426: 0.99999993
A427: 450 | B427: 392 | C427: Marion_Outside_UGB | D427: 1
A428: 451 | B428: 397 | C428: Marion_Outside_UGB | D428: 1
A429: 452 | B429: 400 | C429: Marion_Outside_UGB | D429: 0.99999998
A430: 453 | B430: 343 | C430: Salem_5 | D430: 1
A431: 454 | B431: 373 | C431: Salem_5 | D431: 0.99999992

Sheet Census to Bzone
A1: GEOID | B1: Bzone | C1: pct_bzone
A2: 410470002001 | B2: 61 | C2: 0.01146972
A3: 410470002001 | B3: 227 | C3: 0.00346351
A4: 410470002001 | B4: 232 | C4: 0.0019694
A5: 410470002001 | B5: 238 | C5: 0.97389972
A6: 410470002001 | B6: 249 | C6: 0.00919765
A7: 410470002002 | B7: 61 | C7: 0.00892773
A8: 410470002002 | B8: 238 | C8: 0.0012746
A9: 410470002002 | B9: 249 | C9: 0.96031118
A10: 410470002002 | B10: 260 | C10: 0.00123598
A11: 410470002002 | B11: 261 | C11: 0.00345996
A12: 410470002002 | B12: 279 | C12: 6.49e-06
A13: 410470002002 | B13: 281 | C13: 0.01289991
... A992: 410530053022 | B992: 50 | C992: 8.745e-05

Sheet Bzone to Census
A1: Bzone | B1: GEOID | C1: PERCENTAGE
A2: 31 | B2: 410530053013 | C2: 0.00380594
A3: 31 | B3: 410530053021 | C3: 0.00051726
A4: 31 | B4: 410530053022 | C4: 0.9956768
A5: 32 | B5: 410530053012 | C5: 0.00018229
A6: 32 | B6: 410530053013 | C6: 0.57713121
A7: 32 | B7: 410530053021 | C7: 0.00071453
A8: 32 | B8: 410530053022 | C8: 0.42197197
A9: 33 | B9: 410530053013 | C9: 0.00030595
A10: 33 | B10: 410530053021 | C10: 0.17941214
A11: 33 | B11: 410530053022 | C11: 0.82028191
A12: 34 | B12: 410530053013 | C12: 0.01559914
A13: 34 | B13: 410530053021 | C13: 4.322e-05
... A992: 451 | B992: 410470027013 | C992: 0.5373885

Sheet Latch
A1: Bzone | B1: geocode | C1: pct_bzone
A2: 61 | B2: 41047000200 | C2: 0.00520617
A3: 227 | B3: 41047000200 | C3: 0.00060114
A4: 232 | B4: 41047000200 | C4: 0.0004245
A5: 238 | B5: 41047000200 | C5: 0.2051101
A6: 242 | B6: 41047000200 | C6: 0.00028562
A7: 245 | B7: 41047000200 | C7: 0.00038739
A8: 246 | B8: 41047000200 | C8: 0.1233683
A9: 249 | B9: 41047000200 | C9: 0.3278602
A10: 254 | B10: 41047000200 | C10: 0.00178782
A11: 256 | B11: 41047000200 | C11: 0.00099515
A12: 259 | B12: 41047000200 | C12: 0.00178218
A13: 260 | B13: 41047000200 | C13: 0.12466097
... A602: 447 | B602: 41053005300 | C602: 6.63e-06

Sheet Tract 2010 to Bzone
A1: Bzone | B1: TRACT-ID | C1: pct_bzone
A2: 44 | B2: 41053005301 | C2: 1
A3: 129 | B3: 41047002502 | C3: 1
A4: 132 | B4: 41047002502 | C4: 1
A5: 134 | B5: 41047002502 | C5: 1
A6: 143 | B6: 41047001601 | C6: 1
A7: 223 | B7: 41047000400 | C7: 1
A8: 225 | B8: 41047000400 | C8: 1
A9: 257 | B9: 41047000900 | C9: 1
A10: 279 | B10: 41047000200 | C10: 1
A11: 280 | B11: 41047000200 | C11: 1
A12: 345 | B12: 41047002400 | C12: 1
A13: 358 | B13: 41047002102 | C13: 1
... A650: 335 | B650: 41047001300 | C650: 0

Sheet Bzone to Tract 2010
A1: Bzone | B1: GEOID | C1: pct_bzone
A2: 31 | B2: 41053005300 | C2: 1
A3: 32 | B3: 41053005300 | C3: 1
A4: 33 | B4: 41053005300 | C4: 1
A5: 34 | B5: 41053005300 | C5: 1
A6: 35 | B6: 41053005300 | C6: 1
A7: 36 | B7: 41053005300 | C7: 1
A8: 37 | B8: 41047002400 | C8: 0.01407368
A9: 37 | B9: 41053005201 | C9: 0.01966338
A10: 37 | B10: 41053005300 | C10: 0.96626292
A11: 38 | B11: 41047002400 | C11: 0.02458666
A12: 38 | B12: 41053005201 | C12: 0.97536316
A13: 38 | B13: 41053005300 | C13: 5.02e-05
... A602: 451 | B602: 41047002700 | C602: 0.53681605

Sheet Bzone to Tract 2020
A1: Bzone | B1: GEOID | C1: PERCENTAGE
A2: 31 | B2: 41053005301 | C2: 0.00367036
A3: 31 | B3: 41053005302 | C3: 0.99632965
A4: 32 | B4: 41053005301 | C4: 0.57721461
A5: 32 | B5: 41053005302 | C5: 0.42278539
A6: 33 | B6: 41053005301 | C6: 0.00035952
A7: 33 | B7: 41053005302 | C7: 0.99964048
A8: 34 | B8: 41053005301 | C8: 0.01552414
A9: 34 | B9: 41053005302 | C9: 0.98447587
A10: 35 | B10: 41053005301 | C10: 0.00405863
A11: 35 | B11: 41053005302 | C11: 0.99594138
A12: 36 | B12: 41053005301 | C12: 0.99746384
A13: 36 | B13: 41053005302 | C13: 0.00253617
... A651: 451 | B651: 41047002701 | C651: 0.53681605

Sheet Census2013 to Bzone
A1: Bzone | B1: GEOID | C1: PERCENTAGE
A2: 31 | B2: 410530053001 | C2: 0.00058354
A3: 31 | B3: 410530053003 | C3: 0.00367035
A4: 31 | B4: 410530053004 | C4: 0.99574611
A5: 32 | B5: 410530053001 | C5: 0.00071957
A6: 32 | B6: 410530053002 | C6: 0.00017567
A7: 32 | B7: 410530053003 | C7: 0.57703895
A8: 32 | B8: 410530053004 | C8: 0.42206582
A9: 33 | B9: 410530053001 | C9: 0.17955187
A10: 33 | B10: 410530053003 | C10: 0.00035952
A11: 33 | B11: 410530053004 | C11: 0.82008863
A12: 34 | B12: 410530053001 | C12: 3.791e-05
A13: 34 | B13: 410530053003 | C13: 0.01557253
... A972: 451 | B972: 410470027003 | C972: 0.53681603

Sheet Bzone to UGB
A1: Bzone | B1: instName | C1: pct_bzone
A2: 32 | B2: Salem/Keizer | C2: 0.0013034
A3: 34 | B3: Salem/Keizer | C3: 0.00987997
A4: 35 | B4: Salem/Keizer | C4: 0.10017139
A5: 37 | B5: Salem/Keizer | C5: 0.01963577
A6: 38 | B6: Salem/Keizer | C6: 0.03123573
A7: 39 | B7: Salem/Keizer | C7: 0.00092205
A8: 40 | B8: Salem/Keizer | C8: 0.99439372
A9: 41 | B9: Salem/Keizer | C9: 0.79765937
A10: 42 | B10: Salem/Keizer | C10: 0.00013458
A11: 43 | B11: Salem/Keizer | C11: 0.03628334
A12: 44 | B12: Salem/Keizer | C12: 0.99801312
A13: 45 | B13: Salem/Keizer | C13: 0.98826663
... A225: 451 | B225: Salem/Keizer | C225: 0.94862721

Sheet Census to Azone
A1: GEOID | B1: azone_name | C1: AREA | D1: pct_census_to_azone | E1: county
A2: 410470004001 | B2: Keizer | C2: 661829.01 | D2: 0.49971869 | E2: Marion
A3: 410470004002 | B3: Keizer | C3: 333565.32 | D3: 0.21375676 | E3: Marion
A4: 410470014011 | B4: Keizer | C4: 2470509.5 | D4: 1 | E4: Marion
A5: 410470014012 | B5: Keizer | C5: 670859.88 | D5: 0.13365206 | E5: Marion
A6: 410470014013 | B6: Keizer | C6: 1000931.5 | D6: 1 | E6: Marion
A7: 410470014021 | B7: Keizer | C7: 686460.57 | D7: 0.99217254 | E7: Marion
A8: 410470014022 | B8: Keizer | C8: 777814.99 | D8: 1 | E8: Marion
A9: 410470014023 | B9: Keizer | C9: 1309211.2 | D9: 0.99535812 | E9: Marion
A10: 410470015011 | B10: Keizer | C10: 1337344 | D10: 1 | E10: Marion
A11: 410470015012 | B11: Keizer | C11: 864839.22 | D11: 1 | E11: Marion
A12: 410470015013 | B12: Keizer | C12: 838849.25 | D12: 0.99999997 | E12: Marion
A13: 410470015021 | B13: Keizer | C13: 1038865.7 | D13: 1 | E13: Marion
... A273: 410470027013 | B273: Turner | C273: 5018.0525 | D273: 0.00043394 | E273: Marion

Sheet VE
A1: Bzone | B1: azone_name | C1: Marea
A2: 31 | B2: Polk | C2: SKATS
A3: 32 | B3: Polk | C3: SKATS
A4: 33 | B4: Polk | C4: SKATS
A5: 34 | B5: Polk | C5: SKATS
A6: 35 | B6: Polk | C6: SKATS
A7: 36 | B7: Polk | C7: SKATS
A8: 37 | B8: Polk | C8: SKATS
A9: 38 | B9: Polk | C9: SKATS
A10: 39 | B10: Polk | C10: SKATS
A11: 40 | B11: Salem_1 | C11: SKATS
A12: 41 | B12: Polk | C12: SKATS
A13: 42 | B13: Polk | C13: SKATS
... A247: 451 | B247: Marion_Inside_UGB_3 | C247: SKATS

Sheet Sheet1
A1: Geo | B1: Year | C1: SFDU | D1: MFDU | E1: GQDU | F1: CarSvcLevel | G1: HH's w/ High | H1: Azone | I1: azone_secondary | L1: Geo | M1: Year | N1: CarSvcLevel | O1: ShdSvcAvail
A2: 31 | B2: 2005 | C2: 42 | D2: 5 | E2: 0 | F2: {=_xlfn.XLOOKUP(A2&B2,$L$2:$L$739&$M$2:$M$739,$N$2:$N$739)} -> Low | G2: =IF(F2="High",SUM(C2:D2),0) -> 0 | H2: =_xlfn.XLOOKUP(A2,VE!$A$2:$A$247,VE!$B$2:$B$247) -> Polk | I2: {=_xlfn.IFS(OR(H2=$S$2,H2=$S$13,H2=$S$5),"Other",OR(H2=$S$3,H2=$S$4,H2=$S$7,H2=$S$10,H2=$S$11),"Salem",OR(H2=$S$6),"Keizer",OR(H2=$S$8,H2=$S$9,H2=$S$12),"Marion")} -> Other | L2: 31 | M2: 2005 | N2: Low | O2: 0 | S2: {=_xlfn.UNIQUE(H2:H739)} -> Polk
A3: 31 | B3: 2021 | C3: 42 | D3: 5 | E3: 0 | F3: {=_xlfn.XLOOKUP(A3&B3,$L$2:$L$739&$M$2:$M$739,$N$2:$N$739)} -> Low | G3: =IF(F3="High",SUM(C3:D3),0) -> 0 | H3: =_xlfn.XLOOKUP(A3,VE!$A$2:$A$247,VE!$B$2:$B$247) -> Polk | I3: {=_xlfn.IFS(OR(H3=$S$2,H3=$S$13,H3=$S$5),"Other",OR(H3=$S$3,H3=$S$4,H3=$S$7,H3=$S$10,H3=$S$11),"Salem",OR(H3=$S$6),"Keizer",OR(H3=$S$8,H3=$S$9,H3=$S$12),"Marion")} -> Other | L3: 31 | M3: 2021 | N3: Low | O3: 0 | S3: Salem_1
A4: 31 | B4: 2050 | C4: 40 | D4: 5 | E4: 0 | F4: {=_xlfn.XLOOKUP(A4&B4,$L$2:$L$739&$M$2:$M$739,$N$2:$N$739)} -> Low | G4: =IF(F4="High",SUM(C4:D4),0) -> 0 | H4: =_xlfn.XLOOKUP(A4,VE!$A$2:$A$247,VE!$B$2:$B$247) -> Polk | I4: {=_xlfn.IFS(OR(H4=$S$2,H4=$S$13,H4=$S$5),"Other",OR(H4=$S$3,H4=$S$4,H4=$S$7,H4=$S$10,H4=$S$11),"Salem",OR(H4=$S$6),"Keizer",OR(H4=$S$8,H4=$S$9,H4=$S$12),"Marion")} -> Other | L4: 31 | M4: 2050 | N4: Low | O4: 0 | S4: Salem_2
A5: 32 | B5: 2005 | C5: 35 | D5: 0 | E5: 0 | F5: {=_xlfn.XLOOKUP(A5&B5,$L$2:$L$739&$M$2:$M$739,$N$2:$N$739)} -> Low | G5: =IF(F5="High",SUM(C5:D5),0) -> 0 | H5: =_xlfn.XLOOKUP(A5,VE!$A$2:$A$247,VE!$B$2:$B$247) -> Polk | I5: {=_xlfn.IFS(OR(H5=$S$2,H5=$S$13,H5=$S$5),"Other",OR(H5=$S$3,H5=$S$4,H5=$S$7,H5=$S$10,H5=$S$11),"Salem",OR(H5=$S$6),"Keizer",OR(H5=$S$8,H5=$S$9,H5=$S$12),"Marion")} -> Other | L5: 32 | M5: 2005 | N5: Low | O5: 0 | S5: Marion_Outside_UGB
A6: 32 | B6: 2021 | C6: 48 | D6: 1 | E6: 0 | F6: {=_xlfn.XLOOKUP(A6&B6,$L$2:$L$739&$M$2:$M$739,$N$2:$N$739)} -> Low | G6: =IF(F6="High",SUM(C6:D6),0) -> 0 | H6: =_xlfn.XLOOKUP(A6,VE!$A$2:$A$247,VE!$B$2:$B$247) -> Polk | I6: {=_xlfn.IFS(OR(H6=$S$2,H6=$S$13,H6=$S$5),"Other",OR(H6=$S$3,H6=$S$4,H6=$S$7,H6=$S$10,H6=$S$11),"Salem",OR(H6=$S$6),"Keizer",OR(H6=$S$8,H6=$S$9,H6=$S$12),"Marion")} -> Other | L6: 32 | M6: 2021 | N6: Low | O6: 0 | S6: Keizer
A7: 32 | B7: 2050 | C7: 45 | D7: 1 | E7: 0 | F7: {=_xlfn.XLOOKUP(A7&B7,$L$2:$L$739&$M$2:$M$739,$N$2:$N$739)} -> Low | G7: =IF(F7="High",SUM(C7:D7),0) -> 0 | H7: =_xlfn.XLOOKUP(A7,VE!$A$2:$A$247,VE!$B$2:$B$247) -> Polk | I7: {=_xlfn.IFS(OR(H7=$S$2,H7=$S$13,H7=$S$5),"Other",OR(H7=$S$3,H7=$S$4,H7=$S$7,H7=$S$10,H7=$S$11),"Salem",OR(H7=$S$6),"Keizer",OR(H7=$S$8,H7=$S$9,H7=$S$12),"Marion")} -> Other | L7: 32 | M7: 2050 | N7: Low | O7: 0 | S7: Salem_4
A8: 33 | B8: 2005 | C8: 87 | D8: 0 | E8: 0 | F8: {=_xlfn.XLOOKUP(A8&B8,$L$2:$L$739&$M$2:$M$739,$N$2:$N$739)} -> Low | G8: =IF(F8="High",SUM(C8:D8),0) -> 0 | H8: =_xlfn.XLOOKUP(A8,VE!$A$2:$A$247,VE!$B$2:$B$247) -> Polk | I8: {=_xlfn.IFS(OR(H8=$S$2,H8=$S$13,H8=$S$5),"Other",OR(H8=$S$3,H8=$S$4,H8=$S$7,H8=$S$10,H8=$S$11),"Salem",OR(H8=$S$6),"Keizer",OR(H8=$S$8,H8=$S$9,H8=$S$12),"Marion")} -> Other | L8: 33 | M8: 2005 | N8: Low | O8: 0 | S8: Marion_Inside_UGB_1
A9: 33 | B9: 2021 | C9: 87 | D9: 2 | E9: 0 | F9: {=_xlfn.XLOOKUP(A9&B9,$L$2:$L$739&$M$2:$M$739,$N$2:$N$739)} -> Low | G9: =IF(F9="High",SUM(C9:D9),0) -> 0 | H9: =_xlfn.XLOOKUP(A9,VE!$A$2:$A$247,VE!$B$2:$B$247) -> Polk | I9: {=_xlfn.IFS(OR(H9=$S$2,H9=$S$13,H9=$S$5),"Other",OR(H9=$S$3,H9=$S$4,H9=$S$7,H9=$S$10,H9=$S$11),"Salem",OR(H9=$S$6),"Keizer",OR(H9=$S$8,H9=$S$9,H9=$S$12),"Marion")} -> Other | L9: 33 | M9: 2021 | N9: Low | O9: 0 | S9: Marion_Inside_UGB_2
A10: 33 | B10: 2050 | C10: 104 | D10: 2 | E10: 0 | F10: {=_xlfn.XLOOKUP(A10&B10,$L$2:$L$739&$M$2:$M$739,$N$2:$N$739)} -> Low | G10: =IF(F10="High",SUM(C10:D10),0) -> 0 | H10: =_xlfn.XLOOKUP(A10,VE!$A$2:$A$247,VE!$B$2:$B$247) -> Polk | I10: {=_xlfn.IFS(OR(H10=$S$2,H10=$S$13,H10=$S$5),"Other",OR(H10=$S$3,H10=$S$4,H10=$S$7,H10=$S$10,H10=$S$11),"Salem",OR(H10=$S$6),"Keizer",OR(H10=$S$8,H10=$S$9,H10=$S$12),"Marion")} -> Other | L10: 33 | M10: 2050 | N10: Low | O10: 0 | S10: Salem_5
A11: 34 | B11: 2005 | C11: 25 | D11: 0 | E11: 0 | F11: {=_xlfn.XLOOKUP(A11&B11,$L$2:$L$739&$M$2:$M$739,$N$2:$N$739)} -> Low | G11: =IF(F11="High",SUM(C11:D11),0) -> 0 | H11: =_xlfn.XLOOKUP(A11,VE!$A$2:$A$247,VE!$B$2:$B$247) -> Polk | I11: {=_xlfn.IFS(OR(H11=$S$2,H11=$S$13,H11=$S$5),"Other",OR(H11=$S$3,H11=$S$4,H11=$S$7,H11=$S$10,H11=$S$11),"Salem",OR(H11=$S$6),"Keizer",OR(H11=$S$8,H11=$S$9,H11=$S$12),"Marion")} -> Other | L11: 34 | M11: 2005 | N11: Low | O11: 0 | S11: Salem_3
A12: 34 | B12: 2021 | C12: 38 | D12: 1 | E12: 0 | F12: {=_xlfn.XLOOKUP(A12&B12,$L$2:$L$739&$M$2:$M$739,$N$2:$N$739)} -> Low | G12: =IF(F12="High",SUM(C12:D12),0) -> 0 | H12: =_xlfn.XLOOKUP(A12,VE!$A$2:$A$247,VE!$B$2:$B$247) -> Polk | I12: {=_xlfn.IFS(OR(H12=$S$2,H12=$S$13,H12=$S$5),"Other",OR(H12=$S$3,H12=$S$4,H12=$S$7,H12=$S$10,H12=$S$11),"Salem",OR(H12=$S$6),"Keizer",OR(H12=$S$8,H12=$S$9,H12=$S$12),"Marion")} -> Other | L12: 34 | M12: 2021 | N12: Low | O12: 0 | S12: Marion_Inside_UGB_3
A13: 34 | B13: 2050 | C13: 76 | D13: 1 | E13: 0 | F13: {=_xlfn.XLOOKUP(A13&B13,$L$2:$L$739&$M$2:$M$739,$N$2:$N$739)} -> Low | G13: =IF(F13="High",SUM(C13:D13),0) -> 0 | H13: =_xlfn.XLOOKUP(A13,VE!$A$2:$A$247,VE!$B$2:$B$247) -> Polk | I13: {=_xlfn.IFS(OR(H13=$S$2,H13=$S$13,H13=$S$5),"Other",OR(H13=$S$3,H13=$S$4,H13=$S$7,H13=$S$10,H13=$S$11),"Salem",OR(H13=$S$6),"Keizer",OR(H13=$S$8,H13=$S$9,H13=$S$12),"Marion")} -> Other | L13: 34 | M13: 2050 | N13: Low | O13: 0 | S13: Turner
A14: 35 | B14: 2005 | C14: 50 | D14: 2 | E14: 0 | F14: {=_xlfn.XLOOKUP(A14&B14,$L$2:$L$739&$M$2:$M$739,$N$2:$N$739)} -> Low | G14: =IF(F14="High",SUM(C14:D14),0) -> 0 | H14: =_xlfn.XLOOKUP(A14,VE!$A$2:$A$247,VE!$B$2:$B$247) -> Polk | I14: {=_xlfn.IFS(OR(H14=$S$2,H14=$S$13,H14=$S$5),"Other",OR(H14=$S$3,H14=$S$4,H14=$S$7,H14=$S$10,H14=$S$11),"Salem",OR(H14=$S$6),"Keizer",OR(H14=$S$8,H14=$S$9,H14=$S$12),"Marion")} -> Other | L14: 35 | M14: 2005 | N14: Low | O14: 0
A15: 35 | B15: 2021 | C15: 50 | D15: 2 | E15: 0 | F15: {=_xlfn.XLOOKUP(A15&B15,$L$2:$L$739&$M$2:$M$739,$N$2:$N$739)} -> Low | G15: =IF(F15="High",SUM(C15:D15),0) -> 0 | H15: =_xlfn.XLOOKUP(A15,VE!$A$2:$A$247,VE!$B$2:$B$247) -> Polk | I15: {=_xlfn.IFS(OR(H15=$S$2,H15=$S$13,H15=$S$5),"Other",OR(H15=$S$3,H15=$S$4,H15=$S$7,H15=$S$10,H15=$S$11),"Salem",OR(H15=$S$6),"Keizer",OR(H15=$S$8,H15=$S$9,H15=$S$12),"Marion")} -> Other | L15: 35 | M15: 2021 | N15: Low | O15: 0
A16: 35 | B16: 2050 | C16: 45 | D16: 2 | E16: 0 | F16: {=_xlfn.XLOOKUP(A16&B16,$L$2:$L$739&$M$2:$M$739,$N$2:$N$739)} -> Low | G16: =IF(F16="High",SUM(C16:D16),0) -> 0 | H16: =_xlfn.XLOOKUP(A16,VE!$A$2:$A$247,VE!$B$2:$B$247) -> Polk | I16: {=_xlfn.IFS(OR(H16=$S$2,H16=$S$13,H16=$S$5),"Other",OR(H16=$S$3,H16=$S$4,H16=$S$7,H16=$S$10,H16=$S$11),"Salem",OR(H16=$S$6),"Keizer",OR(H16=$S$8,H16=$S$9,H16=$S$12),"Marion")} -> Other | L16: 35 | M16: 2050 | N16: Low | O16: 0 | T16: Sum of HH's w/ High | U16: Column Labels
A17: 36 | B17: 2005 | C17: 109 | D17: 6 | E17: 0 | F17: {=_xlfn.XLOOKUP(A17&B17,$L$2:$L$739&$M$2:$M$739,$N$2:$N$739)} -> Low | G17: =IF(F17="High",SUM(C17:D17),0) -> 0 | H17: =_xlfn.XLOOKUP(A17,VE!$A$2:$A$247,VE!$B$2:$B$247) -> Polk | I17: {=_xlfn.IFS(OR(H17=$S$2,H17=$S$13,H17=$S$5),"Other",OR(H17=$S$3,H17=$S$4,H17=$S$7,H17=$S$10,H17=$S$11),"Salem",OR(H17=$S$6),"Keizer",OR(H17=$S$8,H17=$S$9,H17=$S$12),"Marion")} -> Other | L17: 36 | M17: 2005 | N17: Low | O17: 0 | T17: Row Labels | U17: Keizer | V17: Marion | W17: Other | X17: Salem | Y17: Grand Total
A18: 36 | B18: 2021 | C18: 109 | D18: 6 | E18: 0 | F18: {=_xlfn.XLOOKUP(A18&B18,$L$2:$L$739&$M$2:$M$739,$N$2:$N$739)} -> Low | G18: =IF(F18="High",SUM(C18:D18),0) -> 0 | H18: =_xlfn.XLOOKUP(A18,VE!$A$2:$A$247,VE!$B$2:$B$247) -> Polk | I18: {=_xlfn.IFS(OR(H18=$S$2,H18=$S$13,H18=$S$5),"Other",OR(H18=$S$3,H18=$S$4,H18=$S$7,H18=$S$10,H18=$S$11),"Salem",OR(H18=$S$6),"Keizer",OR(H18=$S$8,H18=$S$9,H18=$S$12),"Marion")} -> Other | L18: 36 | M18: 2021 | N18: Low | O18: 0 | T18: 2005 | U18: 0 | V18: 0 | W18: 0 | X18: 0 | Y18: 0
A19: 36 | B19: 2050 | C19: 145 | D19: 6 | E19: 0 | F19: {=_xlfn.XLOOKUP(A19&B19,$L$2:$L$739&$M$2:$M$739,$N$2:$N$739)} -> Low | G19: =IF(F19="High",SUM(C19:D19),0) -> 0 | H19: =_xlfn.XLOOKUP(A19,VE!$A$2:$A$247,VE!$B$2:$B$247) -> Polk | I19: {=_xlfn.IFS(OR(H19=$S$2,H19=$S$13,H19=$S$5),"Other",OR(H19=$S$3,H19=$S$4,H19=$S$7,H19=$S$10,H19=$S$11),"Salem",OR(H19=$S$6),"Keizer",OR(H19=$S$8,H19=$S$9,H19=$S$12),"Marion")} -> Other | L19: 36 | M19: 2050 | N19: Low | O19: 0 | T19: 2021 | U19: 3299 | V19: 5197 | W19: 0 | X19: 21364 | Y19: 29860
A20: 37 | B20: 2005 | C20: 85 | D20: 0 | E20: 0 | F20: {=_xlfn.XLOOKUP(A20&B20,$L$2:$L$739&$M$2:$M$739,$N$2:$N$739)} -> Low | G20: =IF(F20="High",SUM(C20:D20),0) -> 0 | H20: =_xlfn.XLOOKUP(A20,VE!$A$2:$A$247,VE!$B$2:$B$247) -> Polk | I20: {=_xlfn.IFS(OR(H20=$S$2,H20=$S$13,H20=$S$5),"Other",OR(H20=$S$3,H20=$S$4,H20=$S$7,H20=$S$10,H20=$S$11),"Salem",OR(H20=$S$6),"Keizer",OR(H20=$S$8,H20=$S$9,H20=$S$12),"Marion")} -> Other | L20: 37 | M20: 2005 | N20: Low | O20: 0 | T20: 2050 | U20: 6191 | V20: 8665 | W20: 0 | X20: 30335 | Y20: 45191
A21: 37 | B21: 2021 | C21: 56 | D21: 56 | E21: 0 | F21: {=_xlfn.XLOOKUP(A21&B21,$L$2:$L$739&$M$2:$M$739,$N$2:$N$739)} -> Low | G21: =IF(F21="High",SUM(C21:D21),0) -> 0 | H21: =_xlfn.XLOOKUP(A21,VE!$A$2:$A$247,VE!$B$2:$B$247) -> Polk | I21: {=_xlfn.IFS(OR(H21=$S$2,H21=$S$13,H21=$S$5),"Other",OR(H21=$S$3,H21=$S$4,H21=$S$7,H21=$S$10,H21=$S$11),"Salem",OR(H21=$S$6),"Keizer",OR(H21=$S$8,H21=$S$9,H21=$S$12),"Marion")} -> Other | L21: 37 | M21: 2021 | N21: Low | O21: 0 | T21: Grand Total | U21: 9490 | V21: 13862 | W21: 0 | X21: 51699 | Y21: 75051
A22: 37 | B22: 2050 | C22: 68 | D22: 56 | E22: 0 | F22: {=_xlfn.XLOOKUP(A22&B22,$L$2:$L$739&$M$2:$M$739,$N$2:$N$739)} -> Low | G22: =IF(F22="High",SUM(C22:D22),0) -> 0 | H22: =_xlfn.XLOOKUP(A22,VE!$A$2:$A$247,VE!$B$2:$B$247) -> Polk | I22: {=_xlfn.IFS(OR(H22=$S$2,H22=$S$13,H22=$S$5),"Other",OR(H22=$S$3,H22=$S$4,H22=$S$7,H22=$S$10,H22=$S$11),"Salem",OR(H22=$S$6),"Keizer",OR(H22=$S$8,H22=$S$9,H22=$S$12),"Marion")} -> Other | L22: 37 | M22: 2050 | N22: Low | O22: 0
A23: 38 | B23: 2005 | C23: 20 | D23: 0 | E23: 0 | F23: {=_xlfn.XLOOKUP(A23&B23,$L$2:$L$739&$M$2:$M$739,$N$2:$N$739)} -> Low | G23: =IF(F23="High",SUM(C23:D23),0) -> 0 | H23: =_xlfn.XLOOKUP(A23,VE!$A$2:$A$247,VE!$B$2:$B$247) -> Polk | I23: {=_xlfn.IFS(OR(H23=$S$2,H23=$S$13,H23=$S$5),"Other",OR(H23=$S$3,H23=$S$4,H23=$S$7,H23=$S$10,H23=$S$11),"Salem",OR(H23=$S$6),"Keizer",OR(H23=$S$8,H23=$S$9,H23=$S$12),"Marion")} -> Other | L23: 38 | M23: 2005 | N23: Low | O23: 0
A24: 38 | B24: 2021 | C24: 19 | D24: 4 | E24: 0 | F24: {=_xlfn.XLOOKUP(A24&B24,$L$2:$L$739&$M$2:$M$739,$N$2:$N$739)} -> Low | G24: =IF(F24="High",SUM(C24:D24),0) -> 0 | H24: =_xlfn.XLOOKUP(A24,VE!$A$2:$A$247,VE!$B$2:$B$247) -> Polk | I24: {=_xlfn.IFS(OR(H24=$S$2,H24=$S$13,H24=$S$5),"Other",OR(H24=$S$3,H24=$S$4,H24=$S$7,H24=$S$10,H24=$S$11),"Salem",OR(H24=$S$6),"Keizer",OR(H24=$S$8,H24=$S$9,H24=$S$12),"Marion")} -> Other | L24: 38 | M24: 2021 | N24: Low | O24: 0
A25: 38 | B25: 2050 | C25: 21 | D25: 3 | E25: 0 | F25: {=_xlfn.XLOOKUP(A25&B25,$L$2:$L$739&$M$2:$M$739,$N$2:$N$739)} -> Low | G25: =IF(F25="High",SUM(C25:D25),0) -> 0 | H25: =_xlfn.XLOOKUP(A25,VE!$A$2:$A$247,VE!$B$2:$B$247) -> Polk | I25: {=_xlfn.IFS(OR(H25=$S$2,H25=$S$13,H25=$S$5),"Other",OR(H25=$S$3,H25=$S$4,H25=$S$7,H25=$S$10,H25=$S$11),"Salem",OR(H25=$S$6),"Keizer",OR(H25=$S$8,H25=$S$9,H25=$S$12),"Marion")} -> Other | L25: 38 | M25: 2050 | N25: Low | O25: 0
A26: 39 | B26: 2005 | C26: 53 | D26: 4 | E26: 0 | F26: {=_xlfn.XLOOKUP(A26&B26,$L$2:$L$739&$M$2:$M$739,$N$2:$N$739)} -> Low | G26: =IF(F26="High",SUM(C26:D26),0) -> 0 | H26: =_xlfn.XLOOKUP(A26,VE!$A$2:$A$247,VE!$B$2:$B$247) -> Polk | I26: {=_xlfn.IFS(OR(H26=$S$2,H26=$S$13,H26=$S$5),"Other",OR(H26=$S$3,H26=$S$4,H26=$S$7,H26=$S$10,H26=$S$11),"Salem",OR(H26=$S$6),"Keizer",OR(H26=$S$8,H26=$S$9,H26=$S$12),"Marion")} -> Other | L26: 39 | M26: 2005 | N26: Low | O26: 0
A27: 39 | B27: 2021 | C27: 83 | D27: 1 | E27: 0 | F27: {=_xlfn.XLOOKUP(A27&B27,$L$2:$L$739&$M$2:$M$739,$N$2:$N$739)} -> Low | G27: =IF(F27="High",SUM(C27:D27),0) -> 0 | H27: =_xlfn.XLOOKUP(A27,VE!$A$2:$A$247,VE!$B$2:$B$247) -> Polk | I27: {=_xlfn.IFS(OR(H27=$S$2,H27=$S$13,H27=$S$5),"Other",OR(H27=$S$3,H27=$S$4,H27=$S$7,H27=$S$10,H27=$S$11),"Salem",OR(H27=$S$6),"Keizer",OR(H27=$S$8,H27=$S$9,H27=$S$12),"Marion")} -> Other | L27: 39 | M27: 2021 | N27: Low | O27: 0
A28: 39 | B28: 2050 | C28: 100 | D28: 1 | E28: 0 | F28: {=_xlfn.XLOOKUP(A28&B28,$L$2:$L$739&$M$2:$M$739,$N$2:$N$739)} -> Low | G28: =IF(F28="High",SUM(C28:D28),0) -> 0 | H28: =_xlfn.XLOOKUP(A28,VE!$A$2:$A$247,VE!$B$2:$B$247) -> Polk | I28: {=_xlfn.IFS(OR(H28=$S$2,H28=$S$13,H28=$S$5),"Other",OR(H28=$S$3,H28=$S$4,H28=$S$7,H28=$S$10,H28=$S$11),"Salem",OR(H28=$S$6),"Keizer",OR(H28=$S$8,H28=$S$9,H28=$S$12),"Marion")} -> Other | L28: 39 | M28: 2050 | N28: Low | O28: 0
A29: 40 | B29: 2005 | C29: 57 | D29: 0 | E29: 0 | F29: {=_xlfn.XLOOKUP(A29&B29,$L$2:$L$739&$M$2:$M$739,$N$2:$N$739)} -> Low | G29: =IF(F29="High",SUM(C29:D29),0) -> 0 | H29: =_xlfn.XLOOKUP(A29,VE!$A$2:$A$247,VE!$B$2:$B$247) -> Salem_1 | I29: {=_xlfn.IFS(OR(H29=$S$2,H29=$S$13,H29=$S$5),"Other",OR(H29=$S$3,H29=$S$4,H29=$S$7,H29=$S$10,H29=$S$11),"Salem",OR(H29=$S$6),"Keizer",OR(H29=$S$8,H29=$S$9,H29=$S$12),"Marion")} -> Salem | L29: 40 | M29: 2005 | N29: Low | O29: 0
A30: 40 | B30: 2021 | C30: 67 | D30: 0 | E30: 0 | F30: {=_xlfn.XLOOKUP(A30&B30,$L$2:$L$739&$M$2:$M$739,$N$2:$N$739)} -> Low | G30: =IF(F30="High",SUM(C30:D30),0) -> 0 | H30: =_xlfn.XLOOKUP(A30,VE!$A$2:$A$247,VE!$B$2:$B$247) -> Salem_1 | I30: {=_xlfn.IFS(OR(H30=$S$2,H30=$S$13,H30=$S$5),"Other",OR(H30=$S$3,H30=$S$4,H30=$S$7,H30=$S$10,H30=$S$11),"Salem",OR(H30=$S$6),"Keizer",OR(H30=$S$8,H30=$S$9,H30=$S$12),"Marion")} -> Salem | L30: 40 | M30: 2021 | N30: Low | O30: 0
A31: 40 | B31: 2050 | C31: 617 | D31: 164 | E31: 0 | F31: {=_xlfn.XLOOKUP(A31&B31,$L$2:$L$739&$M$2:$M$739,$N$2:$N$739)} -> Low | G31: =IF(F31="High",SUM(C31:D31),0) -> 0 | H31: =_xlfn.XLOOKUP(A31,VE!$A$2:$A$247,VE!$B$2:$B$247) -> Salem_1 | I31: {=_xlfn.IFS(OR(H31=$S$2,H31=$S$13,H31=$S$5),"Other",OR(H31=$S$3,H31=$S$4,H31=$S$7,H31=$S$10,H31=$S$11),"Salem",OR(H31=$S$6),"Keizer",OR(H31=$S$8,H31=$S$9,H31=$S$12),"Marion")} -> Salem | L31: 40 | M31: 2050 | N31: Low | O31: 0
A32: 41 | B32: 2005 | C32: 70 | D32: 0 | E32: 0 | F32: {=_xlfn.XLOOKUP(A32&B32,$L$2:$L$739&$M$2:$M$739,$N$2:$N$739)} -> Low | G32: =IF(F32="High",SUM(C32:D32),0) -> 0 | H32: =_xlfn.XLOOKUP(A32,VE!$A$2:$A$247,VE!$B$2:$B$247) -> Polk | I32: {=_xlfn.IFS(OR(H32=$S$2,H32=$S$13,H32=$S$5),"Other",OR(H32=$S$3,H32=$S$4,H32=$S$7,H32=$S$10,H32=$S$11),"Salem",OR(H32=$S$6),"Keizer",OR(H32=$S$8,H32=$S$9,H32=$S$12),"Marion")} -> Other | L32: 41 | M32: 2005 | N32: Low | O32: 0
A33: 41 | B33: 2021 | C33: 106 | D33: 1 | E33: 0 | F33: {=_xlfn.XLOOKUP(A33&B33,$L$2:$L$739&$M$2:$M$739,$N$2:$N$739)} -> Low | G33: =IF(F33="High",SUM(C33:D33),0) -> 0 | H33: =_xlfn.XLOOKUP(A33,VE!$A$2:$A$247,VE!$B$2:$B$247) -> Polk | I33: {=_xlfn.IFS(OR(H33=$S$2,H33=$S$13,H33=$S$5),"Other",OR(H33=$S$3,H33=$S$4,H33=$S$7,H33=$S$10,H33=$S$11),"Salem",OR(H33=$S$6),"Keizer",OR(H33=$S$8,H33=$S$9,H33=$S$12),"Marion")} -> Other | L33: 41 | M33: 2021 | N33: Low | O33: 0
... A739: 451 | B739: 2050 | C739: 754 | D739: 113 | E739: 0 | F739: {=_xlfn.XLOOKUP(A739&B739,$L$2:$L$739&$M$2:$M$739,$N$2:$N$739)} -> Low | G739: =IF(F739="High",SUM(C739:D739),0) -> 0 | H739: =_xlfn.XLOOKUP(A739,VE!$A$2:$A$247,VE!$B$2:$B$247) -> Marion_Inside_UGB_3 | I739: {=_xlfn.IFS(OR(H739=$S$2,H739=$S$13,H739=$S$5),"Other",OR(H739=$S$3,H739=$S$4,H739=$S$7,H739=$S$10,H739=$S$11),"Salem",OR(H739=$S$6),"Keizer",OR(H739=$S$8,H739=$S$9,H739=$S$12),"Marion")} -> Marion | L739: 451 | M739: 2050 | N739: Low | O739: 0

Sheet VE to Census 2000
A1: STFID | B1: azone_name | C1: PERCENTAGE
A2: 410470002001 | B2: Salem_3 | C2: 0.99999996
A3: 410470002002 | B3: Salem_3 | C3: 0.03388253
A4: 410470002002 | B4: Salem_4 | C4: 0.96611742
A5: 410470002003 | B5: Salem_3 | C5: 0.53792717
A6: 410470002003 | B6: Salem_4 | C6: 0.32837296
A7: 410470002003 | B7: Salem_5 | C7: 0.13369986
A8: 410470002004 | B8: Salem_3 | C8: 0.93544837
A9: 410470002004 | B9: Salem_5 | C9: 0.06455165
A10: 410470003001 | B10: Salem_3 | C10: 0.00955022
A11: 410470003001 | B11: Salem_4 | C11: 0.99044977
A12: 410470003002 | B12: Salem_3 | C12: 0.28377163
A13: 410470003002 | B13: Salem_4 | C13: 0.71622831
... A253: 410530053004 | B253: Salem_1 | C253: 0.00108183

Sheet Census to Census 2000
A1: GEOID | B1: STFID | C1: PERCENTAGE
A2: 410470002001 | B2: 410470002001 | C2: 92.113529
A3: 410470002001 | B3: 410470002002 | C3: 0.111584
A4: 410470002001 | B4: 410470002004 | C4: 3.556165
A5: 410470002001 | B5: 410470003003 | C5: 2.79252
A6: 410470002001 | B6: 410530052022 | C6: 1.426199
A7: 410470002002 | B7: 410470002001 | C7: 0.222504
A8: 410470002002 | B8: 410470002002 | C8: 0.091585
A9: 410470002002 | B9: 410470002003 | C9: 1.011315
A10: 410470002002 | B10: 410470002004 | C10: 96.901856
A11: 410470002002 | B11: 410470013002 | C11: 0.35425
A12: 410470002002 | B12: 410530051001 | C12: 0.339048
A13: 410470002002 | B13: 410530052013 | C13: 0.923142
... A773: 410530053022 | B773: 410530053004 | C773: 99.00293

Sheet PlaceTypes
A1: Bzone | B1: PlaceType | C1: pct_bzone
A2: 31 | B2: MPO Low Density | C2: 0.99809198
A3: 31 | B3: Rural Near Major Center | C3: 0.00190802
A4: 32 | B4: MPO Low Density | C4: 0.99852118
A5: 32 | B5: MPO Residential | C5: 0.00075235
A6: 32 | B6: Rural Near Major Center | C6: 0.00072647
A7: 33 | B7: MPO Low Density | C7: 0.82044814
A8: 33 | B8: Rural Near Major Center | C8: 0.17955186
A9: 34 | B9: MPO Low Density | C9: 0.99980149
A10: 34 | B10: MPO Residential | C10: 0.00016061
A11: 34 | B11: Rural Near Major Center | C11: 3.791e-05
A12: 35 | B12: MPO Low Density | C12: 0.99914624
A13: 35 | B13: Rural Near Major Center | C13: 0.00085377
... A622: 451 | B622: MPO Residential | C622: 0.00409309

Sheet Bzone to Zip Code
A1: ZIP_CODE | B1: Bzone | C1: pct_bzone
A2: 97301 | B2: 43 | C2: 0.058141
A3: 97301 | B3: 61 | C3: 0.000451
A4: 97301 | B4: 100 | C4: 0.021702
A5: 97301 | B5: 116 | C5: 0.072435
A6: 97301 | B6: 124 | C6: 0.008187
A7: 97301 | B7: 125 | C7: 0.014506
A8: 97301 | B8: 128 | C8: 0.009143
A9: 97301 | B9: 135 | C9: 0.009179
A10: 97301 | B10: 143 | C10: 0.000325
A11: 97301 | B11: 144 | C11: 0.008736
A12: 97301 | B12: 162 | C12: 8e-05
A13: 97301 | B13: 164 | C13: 0.45717
... A363: 97392 | B363: 420 | C363: 0.101748
